source_table,source,number,name,address,type_raw,type,region,contract_number,monthly_maintenance_required,notes,lat,lng,map_precision,map_matched,color
2,Приложение 3 / перечень ОС-ОТС,1,"Объект ""Гаражи"" Транспортный участок №2","г. Черняховск, ул. Дачная, 30А",ОС/ ОТС,OS_OTS,г. Черняховск,10944505,True,"Из договора 10944505, таблица 2",54.633971,21.818459,settlement_approx,черняховск,#38bdf8
2,Приложение 3 / перечень ОС-ОТС,2,Отдел эксплуатации гражданских объектов и материально-технического обеспечения. ОПТС-6,"г. Калининград, ул. Багратиона, 111",ОС/ ОТС,OS_OTS,г. Калининград,10944505,True,"Из договора 10944505, таблица 2",54.717141,20.451812,settlement_approx,калининград,#38bdf8
2,Приложение 3 / перечень ОС-ОТС,3,Транспортный участок № 2,"г. Советск, ул. А. Невского, 28б",ОС/ ОТС,OS_OTS,г. Советск,10944505,True,"Из договора 10944505, таблица 2",55.0749,21.871829,settlement_approx,советск,#38bdf8
2,Приложение 3 / перечень ОС-ОТС,4,ОУП № 03205-ТРП,"г. Советск, Жилинское шоссе, д. 28 б",ОС,OS,г. Советск,10944505,True,"Из договора 10944505, таблица 2",55.087112,21.877618,settlement_approx,советск,#22c55e
2,Приложение 3 / перечень ОС-ОТС,5,"ПС 95/3 ""Дунайская""","г. Калининград ул.Дунайская, д. 16 кв.1",ОС,OS,г. Калининград ул,10944505,True,"Из договора 10944505, таблица 2",54.7098,20.450259,settlement_approx,калининград,#22c55e
2,Приложение 3 / перечень ОС-ОТС,6,"ПС ""Чкаловск""","г. Чкаловск, ул. Докука, д. 5",ОС,OS,г. Чкаловск,10944505,True,"Из договора 10944505, таблица 2",54.760659,20.389353,settlement_approx,чкаловск,#22c55e
2,Приложение 3 / перечень ОС-ОТС,7,"ТУЭС  "" Чайковского"", транспортный участок.","г. Калининград, Чайковского, д. 41",ОС/ ОТС,OS_OTS,г. Калининград,10944505,True,"Из договора 10944505, таблица 2",54.702671,20.460353,settlement_approx,калининград,#38bdf8
2,Приложение 3 / перечень ОС-ОТС,8,"ПСК ""Горького""","г. Калининград, ул. Горького, д. 25",ОС,OS,г. Калининград,10944505,True,"Из договора 10944505, таблица 2",54.701612,20.461129,settlement_approx,калининград,#22c55e
2,Приложение 3 / перечень ОС-ОТС,9,"ПС ""Московская""","г. Калининград, Московский пр-кт, д. 116",ОС,OS,г. Калининград,10944505,True,"Из договора 10944505, таблица 2",54.712765,20.450753,settlement_approx,калининград,#22c55e
2,Приложение 3 / перечень ОС-ОТС,10,"ПСК ""Гайдара""","г. Калининград, ул. Гайдара, д. 129а",ОС,OS,г. Калининград,10944505,True,"Из договора 10944505, таблица 2",54.701612,20.454212,settlement_approx,калининград,#22c55e
2,Приложение 3 / перечень ОС-ОТС,11,"ПС ""Толстикова""","г. Калининград, ул. Толстикова, д. 67",ОС,OS,г. Калининград,10944505,True,"Из договора 10944505, таблица 2",54.714106,20.456894,settlement_approx,калининград,#22c55e
2,Приложение 3 / перечень ОС-ОТС,12,"ПСК ""Павлова""","г. Калининград, ул. ген. Павлова, д. 26",ОС,OS,г. Калининград,10944505,True,"Из договора 10944505, таблица 2",54.709306,20.451318,settlement_approx,калининград,#22c55e
2,Приложение 3 / перечень ОС-ОТС,13,"ПС ""Киевская""","г. Калининград, ул. Киевская, д. 86 к. 2",ОС,OS,г. Калининград,10944505,True,"Из договора 10944505, таблица 2",54.701965,20.457459,settlement_approx,калининград,#22c55e
2,Приложение 3 / перечень ОС-ОТС,14,"ПС ""Косогорная""","г. Калининград, ул. Косогорная, д. 2",ОС,OS,г. Калининград,10944505,True,"Из договора 10944505, таблица 2",54.703306,20.452871,settlement_approx,калининград,#22c55e
2,Приложение 3 / перечень ОС-ОТС,15,АТС г. Неман. .,"г. Неман. Ул. Победы, д. 37.",ОС,OS,г. Неман,10944505,True,"Из договора 10944505, таблица 2",55.037359,22.019024,settlement_approx,неман,#22c55e
2,Приложение 3 / перечень ОС-ОТС,16,"АТС ""Космодемьянский""","п. Космодемьянский, ул.Лужская, д. 12",ОС,OS,п. Космодемьянский,10944505,True,"Из договора 10944505, таблица 2",54.736306,20.346212,settlement_approx,космодемьянский,#22c55e
2,Приложение 3 / перечень ОС-ОТС,17,"Атс, ТУЭС  диезельная, склады МТО","г. Калининград, ул. Багратиона, д. 111",ОС,OS,г. Калининград,10944505,True,"Из договора 10944505, таблица 2",54.710153,20.459224,settlement_approx,калининград,#22c55e
2,Приложение 3 / перечень ОС-ОТС,18,"РРС ""Советский""","г. Калининград, Советский пр-т, д. 40 А.",ОС,OS,г. Калининград,10944505,True,"Из договора 10944505, таблица 2",54.7074,20.458235,settlement_approx,калининград,#22c55e
2,Приложение 3 / перечень ОС-ОТС,19,АТС «Зеленоградск»,"г. Зеленоградск, ул., Лермонтова, д. 12",ОС/ ОТС,OS_OTS,г. Зеленоградск,10944505,True,"Из договора 10944505, таблица 2",54.951847,20.475129,settlement_approx,зеленоградск,#38bdf8
2,Приложение 3 / перечень ОС-ОТС,20,"Объект ""Гаражи"" Транспортный участок №2","г. Черняховск, ул. Дачная, 30А",ОС,OS,г. Черняховск,10944505,True,"Из договора 10944505, таблица 2",54.633971,21.818459,settlement_approx,черняховск,#22c55e
2,Приложение 3 / перечень ОС-ОТС,21,ОУС -10,"г. Калининград, Машиностроительная, д.68 к. 34",ОС,OS,г. Калининград,10944505,True,"Из договора 10944505, таблица 2",54.717,20.450118,settlement_approx,калининград,#22c55e
2,Приложение 3 / перечень ОС-ОТС,22,БС-8,"г. Калининград, Сибирякова, д. 4 к. 14",ОС,OS,г. Калининград,10944505,True,"Из договора 10944505, таблица 2",54.701753,20.443906,settlement_approx,калининград,#22c55e
2,Приложение 3 / перечень ОС-ОТС,23,"АТС-""МЕГА-центр""","г. Калининград, Г. Озерова, 17",ОС,OS,г. Калининград,10944505,True,"Из договора 10944505, таблица 2",54.707894,20.457671,settlement_approx,калининград,#22c55e
2,Приложение 3 / перечень ОС-ОТС,24,"АТС ""Мамоново""","г. Мамоново, Центральная, д. 6",ОС,OS,г. Мамоново,10944505,True,"Из договора 10944505, таблица 2",54.4628,19.945359,settlement_approx,мамоново,#22c55e
2,Приложение 3 / перечень ОС-ОТС,25,"АТС ""Мамоново"".","г. Мамоново, Центральная, д. 6",ОС,OS,г. Мамоново,10944505,True,"Из договора 10944505, таблица 2",54.457647,19.945006,settlement_approx,мамоново,#22c55e
2,Приложение 3 / перечень ОС-ОТС,26,"Гараж, дизельная АТС «Ладушкин». АТС ""Ладушкин""","г. Ладушкин, пер. Железнодорожный, д. 2",ОС,OS,г. Ладушкин,10944505,True,"Из договора 10944505, таблица 2",54.576912,20.165082,settlement_approx,ладушкин,#22c55e
2,Приложение 3 / перечень ОС-ОТС,27,"АТС ""Тишино""","Багратионовский ГО п. Тишино, ул. Центральная",ОС,OS,п. Тишино,10944505,True,"Из договора 10944505, таблица 2",54.385959,20.633606,settlement_approx,багратионовск,#22c55e
2,Приложение 3 / перечень ОС-ОТС,28,"АТС ""Долгоруково""","Багратионовский ГО п. Долгоруково, ул. Шанина, д.10 к. 3",ОС,OS,п. Долгоруково,10944505,True,"Из договора 10944505, таблица 2",54.392312,20.640665,settlement_approx,багратионовск,#22c55e
2,Приложение 3 / перечень ОС-ОТС,29,"АТС ""Чехово""","Багратионовский ГО п. Чехово, ул. Центральная, д. 4",ОС,OS,п. Чехово,10944505,True,"Из договора 10944505, таблица 2",54.392171,20.650688,settlement_approx,багратионовск,#22c55e
2,Приложение 3 / перечень ОС-ОТС,30,"АТС ""Славское""","Багратионовский ГО п. Славское, ул. Тхоржевского, д. 4",ОС,OS,п. Славское,10944505,True,"Из договора 10944505, таблица 2",54.390759,20.650759,settlement_approx,багратионовск,#22c55e
2,Приложение 3 / перечень ОС-ОТС,31,"АТС ""Березовка""","Багратионовский ГО п. Березовка, ул. Центральная",ОС,OS,п. Березовка,10944505,True,"Из договора 10944505, таблица 2",54.384124,20.649135,settlement_approx,багратионовск,#22c55e
2,Приложение 3 / перечень ОС-ОТС,32,"АТС ""Надеждино""","Багратионовский ГО п. Надеждино, ул. Советская, д. 7",ОС,OS,п. Надеждино,10944505,True,"Из договора 10944505, таблица 2",54.385535,20.636218,settlement_approx,багратионовск,#22c55e
2,Приложение 3 / перечень ОС-ОТС,33,"АТС ""Озерки""","Гвардейский р-н, п. Озерки",ОС,OS,п. Озерки,10944505,True,"Из договора 10944505, таблица 2",54.656488,21.070988,settlement_approx,гвардейск,#22c55e
2,Приложение 3 / перечень ОС-ОТС,34,"АТС , ЛАЗ ""Гвардейск""","г. Гвардейск, пл. Победы, д. 6а",ОС/ ОТС,OS_OTS,г. Гвардейск,10944505,True,"Из договора 10944505, таблица 2",54.640888,21.059482,settlement_approx,гвардейск,#38bdf8
2,Приложение 3 / перечень ОС-ОТС,35,"АТС ""Малиновка""","Гвардейский р-н, п. Малиновка",ОС,OS,п. Малиновка,10944505,True,"Из договора 10944505, таблица 2",54.640676,21.066682,settlement_approx,гвардейск,#22c55e
2,Приложение 3 / перечень ОС-ОТС,36,"АТС ""Знаменск""","г. Знаменск, ул. Советская, д. 5",ОС,OS,г. Знаменск,10944505,True,"Из договора 10944505, таблица 2",54.611635,21.216565,settlement_approx,знаменск,#22c55e
2,Приложение 3 / перечень ОС-ОТС,37,"АТС ""Борское""","Гвардейский р-н, п. Борское",ОС,OS,п. Борское,10944505,True,"Из договора 10944505, таблица 2",54.653947,21.068306,settlement_approx,гвардейск,#22c55e
2,Приложение 3 / перечень ОС-ОТС,38,"АТС ""Славинск""","Гвардейский р-н, п. Славинск",ОС,OS,п. Славинск,10944505,True,"Из договора 10944505, таблица 2",54.653171,21.058918,settlement_approx,гвардейск,#22c55e
2,Приложение 3 / перечень ОС-ОТС,39,"АТС ""Красный Яр""","Гвардейский р-н, п. Красный Яр",ОС,OS,п. Красный Яр,10944505,True,"Из договора 10944505, таблица 2",54.736529,21.159824,settlement_approx,красный яр,#22c55e
2,Приложение 3 / перечень ОС-ОТС,40,"АТС ""Заречье""","Гвардейский р-н, п. Заречье, ул. Советская, д. 4А",ОС,OS,п. Заречье,10944505,True,"Из договора 10944505, таблица 2",54.641806,21.074235,settlement_approx,гвардейск,#22c55e
2,Приложение 3 / перечень ОС-ОТС,41,"АТС ""Майский""","Гусевский р-н, п. Майский",ОС,OS,п. Майский,10944505,True,"Из договора 10944505, таблица 2",54.710035,20.461776,settlement_approx,майский,#22c55e
2,Приложение 3 / перечень ОС-ОТС,42,"АТС ""Гусев""( 1эт. ЛАЗ) , Дизельная, гаражи","г. Гусев, ул. Тимирязева, д. 5",ОС/ ОТС,OS_OTS,г. Гусев,10944505,True,"Из договора 10944505, таблица 2",54.600459,22.200929,settlement_approx,гусев,#38bdf8
2,Приложение 3 / перечень ОС-ОТС,43,"АТС ""Калиновское""","Гусевский р-н, п. Калиновское, ул. Центральная",ОС,OS,п. Калиновское,10944505,True,"Из договора 10944505, таблица 2",54.584012,22.200365,settlement_approx,гусев,#22c55e
2,Приложение 3 / перечень ОС-ОТС,44,АТС Красногорское,"Гусевский р-н, п. Красногорье, ул. Гусева, д. 6",ОС,OS,п. Красногорье,10944505,True,"Из договора 10944505, таблица 2",54.720953,22.124765,settlement_approx,красногорское,#22c55e
2,Приложение 3 / перечень ОС-ОТС,45,"АТС ""Поддубы""","Гусевский р-н, п. Поддубы",ОС,OS,п. Поддубы,10944505,True,"Из договора 10944505, таблица 2",54.631471,22.230165,settlement_approx,поддубы,#22c55e
2,Приложение 3 / перечень ОС-ОТС,46,"АТС ""Кубановка""","Гусевский р-н, п. Кубановка, ул. Центральная, д. 2",ОС,OS,п. Кубановка,10944505,True,"Из договора 10944505, таблица 2",54.612976,22.081282,settlement_approx,кубановка,#22c55e
2,Приложение 3 / перечень ОС-ОТС,47,"АТС ""Липово""","Гусевский р-н, п. Липово, ул. Набережная, д. 13",ОС,OS,п. Липово,10944505,True,"Из договора 10944505, таблица 2",54.544835,22.102482,settlement_approx,липово,#22c55e
2,Приложение 3 / перечень ОС-ОТС,48,"АТС ""Михайловка""","Гусевский р-н, п. Михайловка",ОС,OS,п. Михайловка,10944505,True,"Из договора 10944505, таблица 2",54.574341,22.103082,settlement_approx,михайловка,#22c55e
2,Приложение 3 / перечень ОС-ОТС,49,"АТС ""Маяковское""","Гусевский р-н, п. Маяковское, ул. Заречная,  д. 1",ОС,OS,п. Маяковское,10944505,True,"Из договора 10944505, таблица 2",54.640424,22.045118,settlement_approx,маяковское,#22c55e
2,Приложение 3 / перечень ОС-ОТС,50,"АТС ""Первомайское""","Гусевский р-н, п. Первомайское",ОС,OS,п. Первомайское,10944505,True,"Из договора 10944505, таблица 2",54.590647,22.205306,settlement_approx,гусев,#22c55e
2,Приложение 3 / перечень ОС-ОТС,51,"АТС ""Северный""","Гусевский р-н, п. Северный",ОС,OS,п. Северный,10944505,True,"Из договора 10944505, таблица 2",54.599612,22.206435,settlement_approx,гусев,#22c55e
2,Приложение 3 / перечень ОС-ОТС,52,"АТС ""Фурманово""","Гусевский р-н, п. Фурманово",ОС,OS,п. Фурманово,10944505,True,"Из договора 10944505, таблица 2",54.573506,22.221871,settlement_approx,фурманово,#22c55e
2,Приложение 3 / перечень ОС-ОТС,53,"АТС ""Вишневое""","Зеленоградский р-н, п. Вишневое",ОС,OS,п. Вишневое,10944505,True,"Из договора 10944505, таблица 2",54.9582,20.4716,settlement_approx,зеленоградск,#22c55e
2,Приложение 3 / перечень ОС-ОТС,54,"Атс, ЛТЦ дизельная Зеленоградск","г. Зеленоградск, ул. Крылова, д. 3а",ОС,OS,г. Зеленоградск,10944505,True,"Из договора 10944505, таблица 2",54.957353,20.470259,settlement_approx,зеленоградск,#22c55e
2,Приложение 3 / перечень ОС-ОТС,55,"АТС ""Коврово""","Зеленоградский р-н, п. Коврово, ул. Балтийская, д. 42",ОС,OS,п. Коврово,10944505,True,"Из договора 10944505, таблица 2",54.963424,20.474,settlement_approx,зеленоградск,#22c55e
2,Приложение 3 / перечень ОС-ОТС,56,"АТС ""Заостровье""","Зеленоградский р-н, п. Заостровье",ОС,OS,п. Заостровье,10944505,True,"Из договора 10944505, таблица 2",54.961165,20.4788,settlement_approx,зеленоградск,#22c55e
2,Приложение 3 / перечень ОС-ОТС,57,"АТС  ""Романово""","Зеленоградский р-н, п. Романово, ул. Советская, д. 3",ОС,OS,п. Романово,10944505,True,"Из договора 10944505, таблица 2",54.964271,20.472518,settlement_approx,зеленоградск,#22c55e
2,Приложение 3 / перечень ОС-ОТС,58,"АТС ""Муромское""","Зеленаградский р-н, п. Муромское, ул. Центральная",ОС,OS,п. Муромское,10944505,True,"Из договора 10944505, таблица 2",54.930459,20.727024,settlement_approx,муромское,#22c55e
2,Приложение 3 / перечень ОС-ОТС,59,"АТС "" Грачевка""","Зеленоградский р-н, п. Грачевка, ул. Центральная,12",ОС,OS,п. Грачевка,10944505,True,"Из договора 10944505, таблица 2",54.960388,20.479224,settlement_approx,зеленоградск,#22c55e
2,Приложение 3 / перечень ОС-ОТС,60,"АТС ""Холмогоровка""","Зеленоградский р-н, п. Холмогоровка",ОС,OS,п. Холмогоровка,10944505,True,"Из договора 10944505, таблица 2",54.962859,20.479294,settlement_approx,зеленоградск,#22c55e
2,Приложение 3 / перечень ОС-ОТС,61,"АТС ""Заречное""","Краснознаменский р-н, п. Заречное, ул. Центральная, д. 33",ОС,OS,п. Заречное,10944505,True,"Из договора 10944505, таблица 2",54.949035,22.494894,settlement_approx,краснознаменск,#22c55e
2,Приложение 3 / перечень ОС-ОТС,62,АТС Краснознаменск,"г. Краснознаменск, ул. Калининградская, д. 84",ОС,OS,г. Краснознаменск,10944505,True,"Из договора 10944505, таблица 2",54.938729,22.487765,settlement_approx,краснознаменск,#22c55e
2,Приложение 3 / перечень ОС-ОТС,63,"АТС ""Алексеевка""","Краснознаменский р-н, п. Алексеевка, ул. Центральная",ОС,OS,п. Алексеевка,10944505,True,"Из договора 10944505, таблица 2",54.939647,22.498565,settlement_approx,краснознаменск,#22c55e
2,Приложение 3 / перечень ОС-ОТС,64,"АТС ""Ульяново""","Неманский р-н, п. Ульяново",ОС,OS,п. Ульяново,10944505,True,"Из договора 10944505, таблица 2",55.073494,22.114812,settlement_approx,ульяново,#22c55e
2,Приложение 3 / перечень ОС-ОТС,65,"АТС ""Маломожайское""",Неманский р-н п. Маломажайское,ОС,OS,п. Маломажайское,10944505,True,"Из договора 10944505, таблица 2",54.991988,22.116318,settlement_approx,маломожайское,#22c55e
2,Приложение 3 / перечень ОС-ОТС,66,"АТС ""Б.Село""","Неманский р-н, Большое Село",ОС,OS,не указано,10944505,True,"Из договора 10944505, таблица 2",55.054894,21.796776,settlement_approx,большое село,#22c55e
2,Приложение 3 / перечень ОС-ОТС,67,АТС Неман,"г. Неман, ул. Победы, д. 37",ОС,OS,г. Неман,10944505,True,"Из договора 10944505, таблица 2",55.040465,22.022906,settlement_approx,неман,#22c55e
2,Приложение 3 / перечень ОС-ОТС,68,"Гаражи, АТС г. Правдинск","г. Правдинск, ул. Кутузова, д. 12",ОС,OS,г. Правдинск,10944505,True,"Из договора 10944505, таблица 2",54.445041,21.008971,settlement_approx,правдинск,#22c55e
2,Приложение 3 / перечень ОС-ОТС,69,"АТС ""Новоколхозное""","Неманский р-н, п. Новоколхозное",ОС,OS,п. Новоколхозное,10944505,True,"Из договора 10944505, таблица 2",55.044771,22.030388,settlement_approx,неман,#22c55e
2,Приложение 3 / перечень ОС-ОТС,70,"АТС ""Жилино""","Неманский р-н, п. Жилино",ОС,OS,п. Жилино,10944505,True,"Из договора 10944505, таблица 2",55.035241,22.023188,settlement_approx,неман,#22c55e
2,Приложение 3 / перечень ОС-ОТС,71,"АТС ""Пригородное""","Нестеровкий р-н, п. Пригородное",ОС,OS,п. Пригородное,10944505,True,"Из договора 10944505, таблица 2",54.625494,22.571224,settlement_approx,нестеров,#22c55e
2,Приложение 3 / перечень ОС-ОТС,72,"АТС ""Илюшино""","Нестеровкий р-н, п. Илюшино",ОС,OS,п. Илюшино,10944505,True,"Из договора 10944505, таблица 2",54.630929,22.570659,settlement_approx,нестеров,#22c55e
2,Приложение 3 / перечень ОС-ОТС,73,"АТС Луговое""","Нестеровский р-н, п. Луговое",ОС,OS,п. Луговое,10944505,True,"Из договора 10944505, таблица 2",54.624012,22.566635,settlement_approx,нестеров,#22c55e
2,Приложение 3 / перечень ОС-ОТС,74,"АТС ""Ясная поляна""","Нестеровски р-н, п. Ясная Поляна",ОС,OS,п. Ясная Поляна,10944505,True,"Из договора 10944505, таблица 2",54.630576,22.565294,settlement_approx,нестеров,#22c55e
2,Приложение 3 / перечень ОС-ОТС,75,"АТС ""Яблоновка""","Озерский р-н, п. Яблоновка",ОС,OS,п. Яблоновка,10944505,True,"Из договора 10944505, таблица 2",54.409435,22.004182,settlement_approx,озерск,#22c55e
2,Приложение 3 / перечень ОС-ОТС,76,"АТС ""Мальцево""","Озерский р-н, п.Мальцево",ОС,OS,п. Мальцево,10944505,True,"Из договора 10944505, таблица 2",54.415294,22.004253,settlement_approx,озерск,#22c55e
2,Приложение 3 / перечень ОС-ОТС,77,"АТС ""Лужки","Озерский р-н, п. Лужки",ОС,OS,п. Лужки,10944505,True,"Из договора 10944505, таблица 2",54.412682,22.018371,settlement_approx,озерск,#22c55e
2,Приложение 3 / перечень ОС-ОТС,78,"АТС ""Гаврилово""","Озерский р-н, п. гаврилово",ОС,OS,п. гаврилово,10944505,True,"Из договора 10944505, таблица 2",54.402094,22.017453,settlement_approx,озерск,#22c55e
2,Приложение 3 / перечень ОС-ОТС,79,"АТС ""Юдино""","Озерский р-н, п. Юдино",ОС,OS,п. Юдино,10944505,True,"Из договора 10944505, таблица 2",54.414024,22.006653,settlement_approx,озерск,#22c55e
2,Приложение 3 / перечень ОС-ОТС,80,"АТС ""Львовское""",Озерский р-н. п. Львовское,ОС,OS,п. Львовское,10944505,True,"Из договора 10944505, таблица 2",54.413671,22.0207,settlement_approx,озерск,#22c55e
2,Приложение 3 / перечень ОС-ОТС,81,"АТС ""Суворовка""","Озерский р-н, п. Суворовка",ОС,OS,п. Суворовка,10944505,True,"Из договора 10944505, таблица 2",54.402376,22.012865,settlement_approx,озерск,#22c55e
2,Приложение 3 / перечень ОС-ОТС,82,"АТС ""Чистополье""","Озерский р-н, п. Чистополье",ОС,OS,п. Чистополье,10944505,True,"Из договора 10944505, таблица 2",54.418541,22.015053,settlement_approx,озерск,#22c55e
2,Приложение 3 / перечень ОС-ОТС,83,АТС Багратионово,"Озерский р-н, п. Багратионово",ОС,OS,п. Багратионово,10944505,True,"Из договора 10944505, таблица 2",54.409506,22.018018,settlement_approx,озерск,#22c55e
2,Приложение 3 / перечень ОС-ОТС,84,"АТС""Н.Гурьевское""","Озерский р-н, п. Ново-Гурьевское",ОС,OS,п. Ново-Гурьевское,10944505,True,"Из договора 10944505, таблица 2",54.779659,20.606718,settlement_approx,гурьевск,#22c55e
2,Приложение 3 / перечень ОС-ОТС,85,"АТС ""Садовое""","Озерский р-н, п. Садовое",ОС,OS,п. Садовое,10944505,True,"Из договора 10944505, таблица 2",54.418612,22.014912,settlement_approx,озерск,#22c55e
2,Приложение 3 / перечень ОС-ОТС,86,"АТС ""Новостроево""","Озерский р-н, п. Новостроево",ОС,OS,п. Новостроево,10944505,True,"Из договора 10944505, таблица 2",54.409929,22.004818,settlement_approx,озерск,#22c55e
2,Приложение 3 / перечень ОС-ОТС,87,"АТС ""Олехово""","Озерский р-н, п. Олехово",ОС,OS,п. Олехово,10944505,True,"Из договора 10944505, таблица 2",54.410918,22.006582,settlement_approx,озерск,#22c55e
2,Приложение 3 / перечень ОС-ОТС,88,"АТС ""Красноярское""","Озерский р-н, п. Красноярское",ОС,OS,п. Красноярское,10944505,True,"Из договора 10944505, таблица 2",54.408588,22.011382,settlement_approx,озерск,#22c55e
2,Приложение 3 / перечень ОС-ОТС,89,"АТС ""Нилово""","Озерский р-н, п. Нилово",ОС,OS,п. Нилово,10944505,True,"Из договора 10944505, таблица 2",54.415718,22.0099,settlement_approx,озерск,#22c55e
2,Приложение 3 / перечень ОС-ОТС,90,"Административные помещения Черняховск, АТС, ДИЗЕЛЬНАЯ","г. Черняховск, ул. Тольятти, д. 4 А",ОС/ ОТС,OS_OTS,г. Черняховск,10944505,True,"Из договора 10944505, таблица 2",54.633547,21.817965,settlement_approx,черняховск,#38bdf8
2,Приложение 3 / перечень ОС-ОТС,91,"АТС ""Озерск""","г. Озерск, пл. Победы, д. 1",ОС/ ОТС,OS_OTS,г. Озерск,10944505,True,"Из договора 10944505, таблица 2",54.412188,22.012512,settlement_approx,озерск,#38bdf8
2,Приложение 3 / перечень ОС-ОТС,92,"АТС ""Полесск""","г. Полесск, ул. Калининградская, д. 16",ОС/ ОТС,OS_OTS,г. Полесск,10944505,True,"Из договора 10944505, таблица 2",54.707894,20.460141,settlement_approx,калининград,#38bdf8
2,Приложение 3 / перечень ОС-ОТС,93,"АТС ""Головкино""","Полесский р-н, п. Головкино, ул. Молодежная",ОС,OS,п. Головкино,10944505,True,"Из договора 10944505, таблица 2",54.863512,21.093141,settlement_approx,полесск,#22c55e
2,Приложение 3 / перечень ОС-ОТС,94,"АТС ""Сосновка""","Полесский р-н, п. Сосновка, ул. Центральная",ОС,OS,п. Сосновка,10944505,True,"Из договора 10944505, таблица 2",54.869229,21.1086,settlement_approx,полесск,#22c55e
2,Приложение 3 / перечень ОС-ОТС,95,"АТС ""Залесье""","Полесский р-н, п. Залесье, ул. Школьная",ОС,OS,п. Залесье,10944505,True,"Из договора 10944505, таблица 2",54.866688,21.095329,settlement_approx,полесск,#22c55e
2,Приложение 3 / перечень ОС-ОТС,96,"АТС ""Саранское""","Полесский р-н, п. Саранское",ОС,OS,п. Саранское,10944505,True,"Из договора 10944505, таблица 2",54.862947,21.098576,settlement_approx,полесск,#22c55e
2,Приложение 3 / перечень ОС-ОТС,97,"АТС ""Славянское""","Полесский р-н, п. Славянское",ОС,OS,п. Славянское,10944505,True,"Из договора 10944505, таблица 2",54.871135,21.104718,settlement_approx,полесск,#22c55e
2,Приложение 3 / перечень ОС-ОТС,98,"АТС ""Домново""","Правдинский р-н, п. Домново",ОС,OS,п. Домново,10944505,True,"Из договора 10944505, таблица 2",54.441935,21.026829,settlement_approx,правдинск,#22c55e
2,Приложение 3 / перечень ОС-ОТС,99,"АТС ""Каштановка""","Правдинский р-н, п. Каштановка",ОС,OS,п. Каштановка,10944505,True,"Из договора 10944505, таблица 2",54.445182,21.024147,settlement_approx,правдинск,#22c55e
2,Приложение 3 / перечень ОС-ОТС,100,"АТС ""Курортное""","Правдинский р-н, п. Курортное",ОС,OS,п. Курортное,10944505,True,"Из договора 10944505, таблица 2",54.442076,21.018359,settlement_approx,правдинск,#22c55e
2,Приложение 3 / перечень ОС-ОТС,101,"АТС ""Дружба""","Правдинский р-н, п. Дружба",ОС,OS,п. Дружба,10944505,True,"Из договора 10944505, таблица 2",54.439747,21.009465,settlement_approx,правдинск,#22c55e
2,Приложение 3 / перечень ОС-ОТС,102,"АТС ""Севское""","Правдинский р-н, п. Севское",ОС,OS,п. Севское,10944505,True,"Из договора 10944505, таблица 2",54.435512,21.011865,settlement_approx,правдинск,#22c55e
2,Приложение 3 / перечень ОС-ОТС,103,"АТС ""Ново Бобруйск""","Правдинский р-н, п. Ново-Бобруйск",ОС,OS,п. Ново-Бобруйск,10944505,True,"Из договора 10944505, таблица 2",54.437559,21.013982,settlement_approx,правдинск,#22c55e
2,Приложение 3 / перечень ОС-ОТС,104,"АТС ""Мозырь""","Правдинский р-н, п. Мозырь",ОС,OS,п. Мозырь,10944505,True,"Из договора 10944505, таблица 2",54.434241,21.009253,settlement_approx,правдинск,#22c55e
2,Приложение 3 / перечень ОС-ОТС,105,"АТС ""Подлипово""","Правдинский р-н, п. Подлипово",ОС,OS,п. Подлипово,10944505,True,"Из договора 10944505, таблица 2",54.435865,21.013559,settlement_approx,правдинск,#22c55e
2,Приложение 3 / перечень ОС-ОТС,106,"АТС ""Знаменка""","Правдинский р-н, п. Знаменка",ОС,OS,п. Знаменка,10944505,True,"Из договора 10944505, таблица 2",54.441229,21.018853,settlement_approx,правдинск,#22c55e
2,Приложение 3 / перечень ОС-ОТС,107,"АТС ""Липняки""","Правдинский р-н, п. Липняки, ул. Центральная, д. 1",ОС,OS,п. Липняки,10944505,True,"Из договора 10944505, таблица 2",54.443912,21.025206,settlement_approx,правдинск,#22c55e
2,Приложение 3 / перечень ОС-ОТС,108,"АТС ""Железнодорожный, гаражи","Правдинский р-н, п. Железнодорожный, ул. Коммунистическая, д. 54",ОС,OS,п. Железнодорожный,10944505,True,"Из договора 10944505, таблица 2",54.435371,21.022382,settlement_approx,правдинск,#22c55e
2,Приложение 3 / перечень ОС-ОТС,109,АТС «Правдинск»,"г. Правдинск, ул. Кутузова, д. 12",ОС,OS,г. Правдинск,10944505,True,"Из договора 10944505, таблица 2",54.446876,21.011018,settlement_approx,правдинск,#22c55e
2,Приложение 3 / перечень ОС-ОТС,110,"АТС ""Ермаково""","Правдинский р-н, п. Ермаково",ОС,OS,п. Ермаково,10944505,True,"Из договора 10944505, таблица 2",54.446735,21.009112,settlement_approx,правдинск,#22c55e
2,Приложение 3 / перечень ОС-ОТС,111,"АТС ""Яснополяна""","Славский р-н, п. Яснополяна, ул. Центральная",ОС,OS,п. Яснополяна,10944505,True,"Из договора 10944505, таблица 2",55.047629,21.673624,settlement_approx,славск,#22c55e
2,Приложение 3 / перечень ОС-ОТС,112,"АТС ""Большаково""","Славский р-н, п. Большаково, ул. Калининградская, д. 7",ОС,OS,п. Большаково,10944505,True,"Из договора 10944505, таблица 2",54.717918,20.454918,settlement_approx,калининград,#22c55e
2,Приложение 3 / перечень ОС-ОТС,113,"АТС ""Славск"",гаражи,  котельная.","г. Славск, ул. Советская,  д. 42",ОС,OS,г. Славск,10944505,True,"Из договора 10944505, таблица 2",55.092406,21.876982,settlement_approx,советск,#22c55e
2,Приложение 3 / перечень ОС-ОТС,114,"АТС ""Гастеллово""","Славский р-н, п. Гастеллово",ОС,OS,п. Гастеллово,10944505,True,"Из договора 10944505, таблица 2",55.052571,21.670871,settlement_approx,славск,#22c55e
2,Приложение 3 / перечень ОС-ОТС,115,"АТС ""Мысовка""","Славский р-н, п. Мысовка",ОС,OS,п. Мысовка,10944505,True,"Из договора 10944505, таблица 2",55.042265,21.675882,settlement_approx,славск,#22c55e
2,Приложение 3 / перечень ОС-ОТС,116,"АТС ""Тимирязево""","Славский р-н, п. Тимирязево",ОС,OS,п. Тимирязево,10944505,True,"Из договора 10944505, таблица 2",55.044876,21.678918,settlement_approx,славск,#22c55e
2,Приложение 3 / перечень ОС-ОТС,117,АТС Советск,"г. Советск, ул. Каштановая, д. 8б",ОС,OS,г. Советск,10944505,True,"Из договора 10944505, таблица 2",55.080265,21.871829,settlement_approx,советск,#22c55e
2,Приложение 3 / перечень ОС-ОТС,118,"АТС ""Советск""","г. Советск, ул. Гоголя, д.  7",ОС,OS,г. Советск,10944505,True,"Из договора 10944505, таблица 2",55.092618,21.874935,settlement_approx,советск,#22c55e
2,Приложение 3 / перечень ОС-ОТС,119,"АТС ""Советск""","г. Советск, ул. Победы, д. 12",ОС/ ОТС,OS_OTS,г. Советск,10944505,True,"Из договора 10944505, таблица 2",55.085206,21.881218,settlement_approx,советск,#38bdf8
2,Приложение 3 / перечень ОС-ОТС,120,АТС п. Морское,"Зеленоградский р-н, п. Морское.",ОС,OS,п. Морское,10944505,True,"Из договора 10944505, таблица 2",54.9546,20.473859,settlement_approx,зеленоградск,#22c55e
2,Приложение 3 / перечень ОС-ОТС,121,"АТС ""Советск""","г. Советск, ул. Невского 28б",ОС,OS,г. Советск,10944505,True,"Из договора 10944505, таблица 2",55.085629,21.873524,settlement_approx,советск,#22c55e
2,Приложение 3 / перечень ОС-ОТС,122,АТС ГТ г. Балтийск.,"г. Балтийск, грузовой терминал.",ОС,OS,г. Балтийск,10944505,True,"Из договора 10944505, таблица 2",54.642924,19.899788,settlement_approx,балтийск,#22c55e
2,Приложение 3 / перечень ОС-ОТС,123,"Склады ""Кисловодск""","Гвардейск, ул. Совхозная, д.6.",ОС,OS,не указано,10944505,True,"Из договора 10944505, таблица 2",54.650559,21.073106,settlement_approx,гвардейск,#22c55e
2,Приложение 3 / перечень ОС-ОТС,124,"АТС ""Приморье""","Светлогорский ГО, п. Приморье",ОС,OS,п. Приморье,10944505,True,"Из договора 10944505, таблица 2",54.937865,20.1434,settlement_approx,светлогорск,#22c55e
2,Приложение 3 / перечень ОС-ОТС,125,"АТС ""Светлогорск"" Дизельная Гаражи","г. Светлогорск, ул. Островского, д. 3",ОС,OS,г. Светлогорск,10944505,True,"Из договора 10944505, таблица 2",54.944076,20.152859,settlement_approx,светлогорск,#22c55e
2,Приложение 3 / перечень ОС-ОТС,126,"АТС ""Светлогорск""","г. Светлогорск,  ул. Пионерская, д.28",ОС,OS,г. Светлогорск,10944505,True,"Из договора 10944505, таблица 2",54.935112,20.144318,settlement_approx,светлогорск,#22c55e
2,Приложение 3 / перечень ОС-ОТС,127,"АТС ""Янтарный""  Дизельная","п. Янтарный, ул.Советская, д. 104а",ОС,OS,п. Янтарный,10944505,True,"Из договора 10944505, таблица 2",54.867435,19.948012,settlement_approx,янтарный,#22c55e
2,Приложение 3 / перечень ОС-ОТС,128,"УПД ""Донское""","Светлогорский ГО, п. Донское",ОС,OS,п. Донское,10944505,True,"Из договора 10944505, таблица 2",54.948171,20.1422,settlement_approx,светлогорск,#22c55e
2,Приложение 3 / перечень ОС-ОТС,129,"АТС ""Волочаевское""","Светловский ГО, п. Волочаевское",ОС,OS,п. Волочаевское,10944505,True,"Из договора 10944505, таблица 2",54.664441,20.201892,region_approx,светловский,#22c55e
2,Приложение 3 / перечень ОС-ОТС,130,"АТС ""Взморье""","Светловский ГО, п. Взморье, ул. Лопатина, д. 10",ОС,OS,п. Взморье,10944505,True,"Из договора 10944505, таблица 2",54.697657,20.194343,region_approx,светловский,#22c55e
2,Приложение 3 / перечень ОС-ОТС,131,"АТС ""Люблино""","Светловский ГО, п. Люблино, ул. Гарнизонная, д. 10",ОС,OS,п. Люблино,10944505,True,"Из договора 10944505, таблица 2",54.705422,20.205127,region_approx,светловский,#22c55e
2,Приложение 3 / перечень ОС-ОТС,132,"АТС ""Приморск""","Светловский р-н, г. Приморск, ул. Железнодорожная, д. 10",ОС,OS,г. Приморск,10944505,True,"Из договора 10944505, таблица 2",54.727776,19.9952,settlement_approx,приморск,#22c55e
2,Приложение 3 / перечень ОС-ОТС,133,"АТС ""Кострово""","Светловский ГО, п. Кострово",ОС,OS,п. Кострово,10944505,True,"Из договора 10944505, таблица 2",54.710814,20.166735,region_approx,светловский,#22c55e
2,Приложение 3 / перечень ОС-ОТС,134,"АТС ""Дивное""","Светловский р-н, п. Дивное, ул. Центральная",ОС,OS,п. Дивное,10944505,True,"Из договора 10944505, таблица 2",54.704127,20.168245,region_approx,светловский,#22c55e
2,Приложение 3 / перечень ОС-ОТС,135,"АТС ""Российская""","г. Черняховск, ул. Российская,  д. 6",ОС,OS,г. Черняховск,10944505,True,"Из договора 10944505, таблица 2",54.634535,21.814082,settlement_approx,черняховск,#22c55e
2,Приложение 3 / перечень ОС-ОТС,136,"АТС ""Ленинградская""","г. Черняховск, Ленинградская, д. 18",ОС,OS,г. Черняховск,10944505,True,"Из договора 10944505, таблица 2",54.637782,21.8138,settlement_approx,черняховск,#22c55e
2,Приложение 3 / перечень ОС-ОТС,137,АТС Тимофеевка,"Черняховский р-н, п. Тимофеевка",ОС,OS,п. Тимофеевка,10944505,True,"Из договора 10944505, таблица 2",54.629029,21.8162,settlement_approx,черняховск,#22c55e
2,Приложение 3 / перечень ОС-ОТС,138,"АТС ""Липовка""","Черняховский р-н, п. Липовка",ОС,OS,п. Липовка,10944505,True,"Из договора 10944505, таблица 2",54.640888,21.8222,settlement_approx,черняховск,#22c55e
2,Приложение 3 / перечень ОС-ОТС,139,АТС п. Победино,"Краснознаменский р-н, п. Победино",ОС,OS,п. Победино,10944505,True,"Из договора 10944505, таблица 2",54.950588,22.484165,settlement_approx,краснознаменск,#22c55e
2,Приложение 3 / перечень ОС-ОТС,140,"АТС ""Заовражье""","Черняховский р-н, п. Заовражье",ОС,OS,п. Заовражье,10944505,True,"Из договора 10944505, таблица 2",54.636582,21.816341,settlement_approx,черняховск,#22c55e
2,Приложение 3 / перечень ОС-ОТС,141,АТС Калиновское,"Черняховский р-он, п. Калиновское",ОС,OS,п. Калиновское,10944505,True,"Из договора 10944505, таблица 2",54.629947,21.815635,settlement_approx,черняховск,#22c55e
2,Приложение 3 / перечень ОС-ОТС,142,"АТС ""Загорское""","Черняховский р-н, п. Загорское, н/о",ОС,OS,п. Загорское,10944505,True,"Из договора 10944505, таблица 2",54.632629,21.822835,settlement_approx,черняховск,#22c55e
2,Приложение 3 / перечень ОС-ОТС,143,"АТС ""Краснополянское""","Черняховский р-н, Краснополянское, н/о",ОС,OS,не указано,10944505,True,"Из договора 10944505, таблица 2",54.758694,21.754671,settlement_approx,краснополянское,#22c55e
2,Приложение 3 / перечень ОС-ОТС,144,"АТС ""Доваторовка""","Черняховский р-н, п. Доваторовка",ОС,OS,п. Доваторовка,10944505,True,"Из договора 10944505, таблица 2",54.635171,21.821141,settlement_approx,черняховск,#22c55e
2,Приложение 3 / перечень ОС-ОТС,145,"АТС ""Черняховск""","г. Черняховск, ул. Тольятти,4а",ОС,OS,г. Черняховск,10944505,True,"Из договора 10944505, таблица 2",54.630512,21.816412,settlement_approx,черняховск,#22c55e
2,Приложение 3 / перечень ОС-ОТС,146,Административное здание,"г. Калининград Ленинский пр-кт,  д. 32",ОС,OS,г. Калининград Ленинский пр-кт,10944505,True,"Из договора 10944505, таблица 2",54.7146,20.459365,settlement_approx,калининград,#22c55e
2,Приложение 3 / перечень ОС-ОТС,147,АТС «Правдино»,"Краснознаменский район, п. Правдино",ОС,OS,п. Правдино,10944505,True,"Из договора 10944505, таблица 2",54.942329,22.493765,settlement_approx,краснознаменск,#22c55e
2,Приложение 3 / перечень ОС-ОТС,148,АТС «Тимофеево»,"Краснознаменский район, п. Тимофеево",ОС,OS,п. Тимофеево,10944505,True,"Из договора 10944505, таблица 2",54.951082,22.483882,settlement_approx,краснознаменск,#22c55e
2,Приложение 3 / перечень ОС-ОТС,149,АТС «Острогожское»,"Краснознаменский район, п. Острогожское",ОС,OS,п. Острогожское,10944505,True,"Из договора 10944505, таблица 2",54.952706,22.497859,settlement_approx,краснознаменск,#22c55e
2,Приложение 3 / перечень ОС-ОТС,150,АТС «Неманское»,"Краснознаменский район, п. Неманское",ОС,OS,п. Неманское,10944505,True,"Из договора 10944505, таблица 2",54.950094,22.488329,settlement_approx,краснознаменск,#22c55e
2,Приложение 3 / перечень ОС-ОТС,151,АТС «Весново»,"Краснознаменский район, п. Весново",ОС,OS,п. Весново,10944505,True,"Из договора 10944505, таблица 2",54.937741,22.497365,settlement_approx,краснознаменск,#22c55e
2,Приложение 3 / перечень ОС-ОТС,152,АТС «Хлебниково»,"Краснознаменский район, п. Хлебниково",ОС,OS,п. Хлебниково,10944505,True,"Из договора 10944505, таблица 2",54.9484,22.488259,settlement_approx,краснознаменск,#22c55e
2,Приложение 3 / перечень ОС-ОТС,153,АТС «Добровольск»,"Краснознаменский район, п. Добровольск",ОС,OS,п. Добровольск,10944505,True,"Из договора 10944505, таблица 2",54.952988,22.499906,settlement_approx,краснознаменск,#22c55e
2,Приложение 3 / перечень ОС-ОТС,154,АТС «Полтавское»,"Краснознаменский район, п. Полтавское",ОС,OS,п. Полтавское,10944505,True,"Из договора 10944505, таблица 2",54.942541,22.485153,settlement_approx,краснознаменск,#22c55e
2,Приложение 3 / перечень ОС-ОТС,155,АТС «Узловое»,"Краснознаменский район, п. Узловое",ОС,OS,п. Узловое,10944505,True,"Из договора 10944505, таблица 2",54.936965,22.486212,settlement_approx,краснознаменск,#22c55e
2,Приложение 3 / перечень ОС-ОТС,156,АТС «Калинино»,"Нестеровский район, п. Калинино",ОС,OS,п. Калинино,10944505,True,"Из договора 10944505, таблица 2",54.629094,22.565718,settlement_approx,нестеров,#22c55e
2,Приложение 3 / перечень ОС-ОТС,157,АТС «Чистые пруды»,"Нестеровский район, п. Чистые пруды",ОС,OS,п. Чистые пруды,10944505,True,"Из договора 10944505, таблица 2",54.628106,22.566141,settlement_approx,нестеров,#22c55e
2,Приложение 3 / перечень ОС-ОТС,158,АТС «Пушкино»,"Нестеровский район, п. Пушкино",ОС,OS,п. Пушкино,10944505,True,"Из договора 10944505, таблица 2",54.633753,22.563529,settlement_approx,нестеров,#22c55e
2,Приложение 3 / перечень ОС-ОТС,159,АТС «Фурмановка»,"Нестеровский район, п. Фурмановка",ОС,OS,п. Фурмановка,10944505,True,"Из договора 10944505, таблица 2",54.624012,22.579765,settlement_approx,нестеров,#22c55e
2,Приложение 3 / перечень ОС-ОТС,160,АТС «Бабушкино»,"Нестеровский район, п. Бабушкино",ОС,OS,п. Бабушкино,10944505,True,"Из договора 10944505, таблица 2",54.637565,22.577012,settlement_approx,нестеров,#22c55e
2,Приложение 3 / перечень ОС-ОТС,161,АТС «Садовое»,"Нестеровский район, п. Садовое",ОС,OS,п. Садовое,10944505,True,"Из договора 10944505, таблица 2",54.637212,22.577365,settlement_approx,нестеров,#22c55e
2,Приложение 3 / перечень ОС-ОТС,162,АТС «Чернышевское»,"Нестеровский район, п. Чернышевское",ОС,OS,п. Чернышевское,10944505,True,"Из договора 10944505, таблица 2",54.636576,22.570941,settlement_approx,нестеров,#22c55e
2,Приложение 3 / перечень ОС-ОТС,163,АТС «Заливино»,"Полесский район, п. Заливино",ОС,OS,п. Заливино,10944505,True,"Из договора 10944505, таблица 2",54.871418,21.094482,settlement_approx,полесск,#22c55e
2,Приложение 3 / перечень ОС-ОТС,164,АТС «Зеленое»,"Полесский район, п. Зеленое",ОС,OS,п. Зеленое,10944505,True,"Из договора 10944505, таблица 2",54.868806,21.107612,settlement_approx,полесск,#22c55e
2,Приложение 3 / перечень ОС-ОТС,165,АТС «Тургенево»,"Полесский район, п. Тургенево",ОС,OS,п. Тургенево,10944505,True,"Из договора 10944505, таблица 2",54.862735,21.093353,settlement_approx,полесск,#22c55e
2,Приложение 3 / перечень ОС-ОТС,166,АТС «Нахимово»,"Полесский район, п. Нахимово",ОС,OS,п. Нахимово,10944505,True,"Из договора 10944505, таблица 2",54.869653,21.102741,settlement_approx,полесск,#22c55e
2,Приложение 3 / перечень ОС-ОТС,167,АТС «Дальнее»,"Полесский район, п. Дальнее",ОС,OS,п. Дальнее,10944505,True,"Из договора 10944505, таблица 2",54.857794,21.101894,settlement_approx,полесск,#22c55e
2,Приложение 3 / перечень ОС-ОТС,168,АТС «Глушково»,"Черняховский район, п. Глушково",ОС,OS,п. Глушково,10944505,True,"Из договора 10944505, таблица 2",54.626418,21.818388,settlement_approx,черняховск,#22c55e
2,Приложение 3 / перечень ОС-ОТС,169,АТС «Калужское»,"Черняховский район,  п. Калужское",ОС,OS,п. Калужское,10944505,True,"Из договора 10944505, таблица 2",54.625006,21.816271,settlement_approx,черняховск,#22c55e
2,Приложение 3 / перечень ОС-ОТС,170,АТС «Каменское»,"Черняховский район, п. Каменское",ОС,OS,п. Каменское,10944505,True,"Из договора 10944505, таблица 2",54.625147,21.809776,settlement_approx,черняховск,#22c55e
2,Приложение 3 / перечень ОС-ОТС,171,АТС «Щеглы»,"Черняховский район, п. Щеглы",ОС,OS,п. Щеглы,10944505,True,"Из договора 10944505, таблица 2",54.626771,21.813235,settlement_approx,черняховск,#22c55e
2,Приложение 3 / перечень ОС-ОТС,172,АТС «Междуречье»,"Черняховский район, п. Междуречье",ОС,OS,п. Междуречье,10944505,True,"Из договора 10944505, таблица 2",54.628324,21.808859,settlement_approx,черняховск,#22c55e
2,Приложение 3 / перечень ОС-ОТС,173,АТС «Свобода»,"Черняховский район, п. Своболда",ОС,OS,п. Своболда,10944505,True,"Из договора 10944505, таблица 2",54.633476,21.808506,settlement_approx,черняховск,#22c55e
2,Приложение 3 / перечень ОС-ОТС,174,АТС «Привольное»,"Черняховский район, п. Привольное",ОС,OS,п. Привольное,10944505,True,"Из договора 10944505, таблица 2",54.630653,21.811541,settlement_approx,черняховск,#22c55e
2,Приложение 3 / перечень ОС-ОТС,175,АТС «Володаровка»,"Черняховский район, п. Володаровка",ОС,OS,п. Володаровка,10944505,True,"Из договора 10944505, таблица 2",54.631712,21.808647,settlement_approx,черняховск,#22c55e
2,Приложение 3 / перечень ОС-ОТС,176,АТС «Пеньки»,"Черняховский район, п. Пеньки",ОС,OS,п. Пеньки,10944505,True,"Из договора 10944505, таблица 2",54.626347,21.807094,settlement_approx,черняховск,#22c55e
2,Приложение 3 / перечень ОС-ОТС,177,АТС «Громово»,"Славский район, п. Громово",ОС,OS,п. Громово,10944505,True,"Из договора 10944505, таблица 2",55.037253,21.681106,settlement_approx,славск,#22c55e
2,Приложение 3 / перечень ОС-ОТС,178,АТС «Высокое»,"Славский район, п. Высокое",ОС,OS,п. Высокое,10944505,True,"Из договора 10944505, таблица 2",54.757271,20.835176,settlement_approx,высокое,#22c55e
2,Приложение 3 / перечень ОС-ОТС,179,АТС «Заповедное»,"Славский район, п. Заповедное",ОС,OS,п. Заповедное,10944505,True,"Из договора 10944505, таблица 2",55.0417,21.669812,settlement_approx,славск,#22c55e
2,Приложение 3 / перечень ОС-ОТС,180,АТС «Ясное»,"Славский район, п. Ясное",ОС,OS,п. Ясное,10944505,True,"Из договора 10944505, таблица 2",55.046076,21.671576,settlement_approx,славск,#22c55e
2,Приложение 3 / перечень ОС-ОТС,181,АТС «Вишневка»,"Славский район,п. Вишневка",ОС,OS,п. Вишневка,10944505,True,"Из договора 10944505, таблица 2",55.047982,21.685553,settlement_approx,славск,#22c55e
2,Приложение 3 / перечень ОС-ОТС,182,АТС «Охотное»,"Славский район, п. Охотное",ОС,OS,п. Охотное,10944505,True,"Из договора 10944505, таблица 2",55.046571,21.674894,settlement_approx,славск,#22c55e
2,Приложение 3 / перечень ОС-ОТС,183,АТС «Прохладное»,"Славский район, п. Прохладное",ОС,OS,п. Прохладное,10944505,True,"Из договора 10944505, таблица 2",55.043606,21.673694,settlement_approx,славск,#22c55e
2,Приложение 3 / перечень ОС-ОТС,184,АТС «Малинники»,"Гурьевский район, п. Малинники",ОС,OS,п. Малинники,10944505,True,"Из договора 10944505, таблица 2",54.761318,20.751988,settlement_approx,малинники,#22c55e
2,Приложение 3 / перечень ОС-ОТС,185,АТС «Родники»,"Гурьевский район, п. Родники",ОС,OS,п. Родники,10944505,True,"Из договора 10944505, таблица 2",54.781847,20.607,settlement_approx,гурьевск,#22c55e
2,Приложение 3 / перечень ОС-ОТС,186,АТС «Константиновка»,"Гурьевский район, п. Константиновка",ОС,OS,п. Константиновка,10944505,True,"Из договора 10944505, таблица 2",54.767024,20.613918,settlement_approx,гурьевск,#22c55e
2,Приложение 3 / перечень ОС-ОТС,187,АТС «Заливное»,"Гурьевский район,  п.Заливное",ОС,OS,п. Заливное,10944505,True,"Из договора 10944505, таблица 2",54.7678,20.604106,settlement_approx,гурьевск,#22c55e
2,Приложение 3 / перечень ОС-ОТС,188,АТС «Яблоновка»,"Гурьевский район, п.Яблоновка",ОС,OS,п. Яблоновка,10944505,True,"Из договора 10944505, таблица 2",54.780576,20.601635,settlement_approx,гурьевск,#22c55e
2,Приложение 3 / перечень ОС-ОТС,189,АТС «Ушаково»,"Гурьевский район, п. Ушаково",ОС,OS,п. Ушаково,10944505,True,"Из договора 10944505, таблица 2",54.769353,20.600153,settlement_approx,гурьевск,#22c55e
2,Приложение 3 / перечень ОС-ОТС,190,"АТС ""Гурьевск""","г. Гурьевск, ул.Ленина,2",ОС,OS,г. Гурьевск,10944505,True,"Из договора 10944505, таблица 2",54.766035,20.598176,settlement_approx,гурьевск,#22c55e
2,Приложение 3 / перечень ОС-ОТС,191,АТС «Лесное»,"Зеленоградский район, п. Лесное",ОС,OS,п. Лесное,10944505,True,"Из договора 10944505, таблица 2",54.951212,20.467153,settlement_approx,зеленоградск,#22c55e
2,Приложение 3 / перечень ОС-ОТС,192,АТС «Мельниково»,"Зеленоградский район, п. Мельниково",ОС,OS,п. Мельниково,10944505,True,"Из договора 10944505, таблица 2",54.967165,20.484376,settlement_approx,зеленоградск,#22c55e
2,Приложение 3 / перечень ОС-ОТС,193,АТС «Краснофлотское»,"Зеленоградский район, п. Краснофлотское",ОС,OS,п. Краснофлотское,10944505,True,"Из договора 10944505, таблица 2",54.963918,20.474282,settlement_approx,зеленоградск,#22c55e
2,Приложение 3 / перечень ОС-ОТС,194,АТС «Поваровка»,"Зеленоградский район, п. Поваровка",ОС,OS,п. Поваровка,10944505,True,"Из договора 10944505, таблица 2",54.968576,20.480776,settlement_approx,зеленоградск,#22c55e
2,Приложение 3 / перечень ОС-ОТС,195,АТС «Переславское»,"Зеленоградский район, п. Переславское",ОС,OS,п. Переславское,10944505,True,"Из договора 10944505, таблица 2",54.954741,20.482894,settlement_approx,зеленоградск,#22c55e
2,Приложение 3 / перечень ОС-ОТС,196,АТС «Сосновка»,"Зеленоградский район, п. Сосновка",ОС,OS,п. Сосновка,10944505,True,"Из договора 10944505, таблица 2",54.966671,20.475765,settlement_approx,зеленоградск,#22c55e
2,Приложение 3 / перечень ОС-ОТС,197,АТС «Красноторовка»,"Зеленоградский район, п. Красноторовка",ОС,OS,п. Красноторовка,10944505,True,"Из договора 10944505, таблица 2",54.964271,20.475835,settlement_approx,зеленоградск,#22c55e
2,Приложение 3 / перечень ОС-ОТС,198,АТС «Колосовка»,"Зеленоградский район, п. Колосовка",ОС,OS,п. Колосовка,10944505,True,"Из договора 10944505, таблица 2",54.959682,20.473365,settlement_approx,зеленоградск,#22c55e
2,Приложение 3 / перечень ОС-ОТС,199,АТС «Кумачево»,"Зеленоградский район, п. Кумачево",ОС,OS,п. Кумачево,10944505,True,"Из договора 10944505, таблица 2",54.964835,20.477459,settlement_approx,зеленоградск,#22c55e
2,Приложение 3 / перечень ОС-ОТС,200,АТС «Луговское»,"Зеленоградский район, п. Луговское",ОС,OS,п. Луговское,10944505,True,"Из договора 10944505, таблица 2",54.955871,20.484659,settlement_approx,зеленоградск,#22c55e
2,Приложение 3 / перечень ОС-ОТС,201,АТС «Рыбачий» с дизельной,"Зеленоградский район, п. Рыбачий",ОС,OS,п. Рыбачий,10944505,True,"Из договора 10944505, таблица 2",54.964694,20.483388,settlement_approx,зеленоградск,#22c55e
2,Приложение 3 / перечень ОС-ОТС,202,АТС «Советск»,"г. Советск, ул., Гоголя, д. 7",ОС,OS,г. Советск,10944505,True,"Из договора 10944505, таблица 2",55.083441,21.881218,settlement_approx,советск,#22c55e
2,Приложение 3 / перечень ОС-ОТС,203,АТС «Истровка»,"Гвардейский район, п. Истровка",ОС,OS,п. Истровка,10944505,True,"Из договора 10944505, таблица 2",54.647806,21.066471,settlement_approx,гвардейск,#22c55e
2,Приложение 3 / перечень ОС-ОТС,204,АТС «Нивенское»,"Багратионовский район, п. Нивенское",ОС,OS,п. Нивенское,10944505,True,"Из договора 10944505, таблица 2",54.377912,20.644829,settlement_approx,багратионовск,#22c55e
2,Приложение 3 / перечень ОС-ОТС,205,АТС «Краснознаменское»,"Багратионовский район, п. Краснознаменское",ОС,OS,п. Краснознаменское,10944505,True,"Из договора 10944505, таблица 2",54.937459,22.485859,settlement_approx,краснознаменск,#22c55e
2,Приложение 3 / перечень ОС-ОТС,206,АТС «Южный»,"Багратионовский район, п. Южный",ОС,OS,п. Южный,10944505,True,"Из договора 10944505, таблица 2",54.379324,20.644053,settlement_approx,багратионовск,#22c55e
2,Приложение 3 / перечень ОС-ОТС,207,АТС «Ново-Московское»,"Багратионовский район, п. Ново-Московское",ОС,OS,п. Ново-Московское,10944505,True,"Из договора 10944505, таблица 2",54.378265,20.642288,settlement_approx,багратионовск,#22c55e
2,Приложение 3 / перечень ОС-ОТС,208,АТС «Рябиновка»,"Багратионовский район, п. Рябиновка",ОС,OS,п. Рябиновка,10944505,True,"Из договора 10944505, таблица 2",54.391888,20.642288,settlement_approx,багратионовск,#22c55e
2,Приложение 3 / перечень ОС-ОТС,209,АТС «Гвардейское»,"Багратионовский район, п. Гвардейское",ОС,OS,п. Гвардейское,10944505,True,"Из договора 10944505, таблица 2",54.391535,20.636853,settlement_approx,багратионовск,#22c55e
2,Приложение 3 / перечень ОС-ОТС,210,АТС «Медовое»,"Багратионовский район, п. Медовое",ОС,OS,п. Медовое,10944505,True,"Из договора 10944505, таблица 2",54.3885,20.649488,settlement_approx,багратионовск,#22c55e
2,Приложение 3 / перечень ОС-ОТС,211,АТС «Владимирово»,"Багратионовский район, п. Владимирово",ОС,OS,п. Владимирово,10944505,True,"Из договора 10944505, таблица 2",54.378124,20.646735,settlement_approx,багратионовск,#22c55e
2,Приложение 3 / перечень ОС-ОТС,212,АТС «Береговой»,"Багратионовский район, п. Береговой",ОС,OS,п. Береговой,10944505,True,"Из договора 10944505, таблица 2",54.382641,20.642853,settlement_approx,багратионовск,#22c55e
2,Приложение 3 / перечень ОС-ОТС,213,АТС «Пятидорожное»,"Багратионовский район, п. Пятидорожное",ОС,OS,п. Пятидорожное,10944505,True,"Из договора 10944505, таблица 2",54.381018,20.641582,settlement_approx,багратионовск,#22c55e
2,Приложение 3 / перечень ОС-ОТС,214,АТС «Партизанское»,"Багратионовский район, п. Партизанское",ОС,OS,п. Партизанское,10944505,True,"Из договора 10944505, таблица 2",54.3945,20.638829,settlement_approx,багратионовск,#22c55e
2,Приложение 3 / перечень ОС-ОТС,215,АТС «Новосёлово»,"Багратионовский район, п. Новосёлово",ОС,OS,п. Новосёлово,10944505,True,"Из договора 10944505, таблица 2",54.389065,20.642006,settlement_approx,багратионовск,#22c55e
2,Приложение 3 / перечень ОС-ОТС,216,АТС «Корнево»,"Багратионовский район, п.Корнево",ОС,OS,п. Корнево,10944505,True,"Из договора 10944505, таблица 2",54.393018,20.650265,settlement_approx,багратионовск,#22c55e
2,Приложение 3 / перечень ОС-ОТС,217,АТС «Пограничный»,"Багратионовский район, п. Пограничный",ОС,OS,п. Пограничный,10944505,True,"Из договора 10944505, таблица 2",54.379253,20.634029,settlement_approx,багратионовск,#22c55e
2,Приложение 3 / перечень ОС-ОТС,218,АТС «Совхозное»,"Багратионовский район, п. Совхозное",ОС,OS,п. Совхозное,10944505,True,"Из договора 10944505, таблица 2",54.394853,20.642853,settlement_approx,багратионовск,#22c55e
2,Приложение 3 / перечень ОС-ОТС,219,"АТС ""Нестеров""","г. Нестеров,  ул. Калинина, д.13",ОС,OS,г. Нестеров,10944505,True,"Из договора 10944505, таблица 2",54.633894,22.571788,settlement_approx,нестеров,#22c55e
2,Приложение 3 / перечень ОС-ОТС,220,"АТС ""Балтийск"", гаражи,","г. Балтийск, ул. Ленина, д.61",ОС/ ОТС,OS_OTS,г. Балтийск,10944505,True,"Из договора 10944505, таблица 2",54.635724,19.896471,settlement_approx,балтийск,#38bdf8
2,Приложение 3 / перечень ОС-ОТС,221,"АТС ""Мечниково""",п. Мечниково г. Балтийск,ОС,OS,г. Балтийск,10944505,True,"Из договора 10944505, таблица 2",54.639606,19.898518,settlement_approx,балтийск,#22c55e
2,Приложение 3 / перечень ОС-ОТС,222,"АТС ""Пионерский"",","г. Пионерский, ул. Комсомольская, д.15",ОС,OS,г. Пионерский,10944505,True,"Из договора 10944505, таблица 2",54.946447,20.234382,settlement_approx,пионерский,#22c55e
2,Приложение 3 / перечень ОС-ОТС,223,"АТС ""Пионерский""","г. Пионерский, ул. Шаманова, д.3б",ОС,OS,г. Пионерский,10944505,True,"Из договора 10944505, таблица 2",54.955341,20.232971,settlement_approx,пионерский,#22c55e
2,Приложение 3 / перечень ОС-ОТС,224,"АТС ""Гурьевск""","г. Гурьевск, ул. Ленина, д.2",ОС,OS,г. Гурьевск,10944505,True,"Из договора 10944505, таблица 2",54.780153,20.608271,settlement_approx,гурьевск,#22c55e
2,Приложение 3 / перечень ОС-ОТС,225,"АТС ""Светлый""","г. Светлый, ул. Горького, д.18",ОС,OS,г. Светлый,10944505,True,"Из договора 10944505, таблица 2",54.738306,20.521388,settlement_approx,горького,#22c55e
2,Приложение 3 / перечень ОС-ОТС,226,"АТС  ""Пионерский""","г. Пионерский, ул. Комсомольская, д.15",ОС,OS,г. Пионерский,10944505,True,"Из договора 10944505, таблица 2",54.948071,20.234382,settlement_approx,пионерский,#22c55e
2,Приложение 3 / перечень ОС-ОТС,227,РТ РРС Советск,"г.Советск, Жилинское шоссе",ОС/ ОТС,OS_OTS,г. Советск,10944505,True,"Из договора 10944505, таблица 2",55.090712,21.887218,settlement_approx,советск,#38bdf8
2,Приложение 3 / перечень ОС-ОТС,228,АТС «Ракитино»,"Неманский район, п.Ракитино",ОС,OS,п. Ракитино,10944505,True,"Из договора 10944505, таблица 2",55.031288,22.025941,settlement_approx,неман,#22c55e
2,Приложение 3 / перечень ОС-ОТС,229,АТС «Акулово»,"Неманский район, п.Акулово",ОС,OS,п. Акулово,10944505,True,"Из договора 10944505, таблица 2",55.035665,22.030671,settlement_approx,неман,#22c55e
2,Приложение 3 / перечень ОС-ОТС,230,АТС «Лунино»,"Неманский район, п. Лунино",ОС,OS,п. Лунино,10944505,True,"Из договора 10944505, таблица 2",55.041665,22.019024,settlement_approx,неман,#22c55e
2,Приложение 3 / перечень ОС-ОТС,231,АТС «Канаш»,"Неманский район, п. Канаш",ОС,OS,п. Канаш,10944505,True,"Из договора 10944505, таблица 2",55.037429,22.019518,settlement_approx,неман,#22c55e
2,Приложение 3 / перечень ОС-ОТС,232,АТС «Дворкино»,"Правдинский район, п. Дворкино, ул. Пограничная, д. 3",ОС,OS,п. Дворкино,10944505,True,"Из договора 10944505, таблица 2",54.446453,21.022171,settlement_approx,правдинск,#22c55e
2,Приложение 3 / перечень ОС-ОТС,233,АТС «Крылово»,"Правдинский район, п. Крылово",ОС,OS,п. Крылово,10944505,True,"Из договора 10944505, таблица 2",54.447371,21.016947,settlement_approx,правдинск,#22c55e
2,Приложение 3 / перечень ОС-ОТС,234,АТС «Краснолесье»,"Нестеровский район,  п. Краснолесье",ОС,OS,п. Краснолесье,10944505,True,"Из договора 10944505, таблица 2",54.622953,22.574753,settlement_approx,нестеров,#22c55e
2,Приложение 3 / перечень ОС-ОТС,235,АТС «Невское»,"Нестеровский район, п. Невское",ОС,OS,п. Невское,10944505,True,"Из договора 10944505, таблица 2",54.624082,22.572988,settlement_approx,нестеров,#22c55e
2,Приложение 3 / перечень ОС-ОТС,236,АТС «Ржевское»,"Славский район, п.Ржевское",ОС,OS,п. Ржевское,10944505,True,"Из договора 10944505, таблица 2",55.047418,21.686329,settlement_approx,славск,#22c55e
2,Приложение 3 / перечень ОС-ОТС,237,АТС «Придорожное»,"Славский район, п.Придорожное",ОС,OS,п. Придорожное,10944505,True,"Из договора 10944505, таблица 2",55.050171,21.678,settlement_approx,славск,#22c55e
2,Приложение 3 / перечень ОС-ОТС,238,"АТС ""Багратионовск"", Дизельная, гаражи, котельная","Багратионовский ГО г.Багратионовск, ул.Калининградская,25",ОС/ ОТС,OS_OTS,г. Багратионовск,10944505,True,"Из договора 10944505, таблица 2",54.387159,20.646876,settlement_approx,багратионовск,#38bdf8
2,Приложение 3 / перечень ОС-ОТС,239,БС «А»,"Зеленоградский р-н, п. Малиновка",ОС,OS,п. Малиновка,10944505,True,"Из договора 10944505, таблица 2",54.963918,20.480071,settlement_approx,зеленоградск,#22c55e
2,Приложение 3 / перечень ОС-ОТС,240,"АТС ""Комсомольск""","Гвардейский р-н, п.Комсомольск",ОС,OS,п. Комсомольск,10944505,True,"Из договора 10944505, таблица 2",54.6543,21.073106,settlement_approx,гвардейск,#22c55e
2,Приложение 3 / перечень ОС-ОТС,241,"АТС ""Зорино""","Гвардейский р-н, п. Зорино",ОС,OS,п. Зорино,10944505,True,"Из договора 10944505, таблица 2",54.648229,21.066682,settlement_approx,гвардейск,#22c55e
2,Приложение 3 / перечень ОС-ОТС,242,"АТС ""Талпаки""","Гвардейский р-н, п. Толпаки, ул. Советская, д. 1А",ОС,OS,п. Толпаки,10944505,True,"Из договора 10944505, таблица 2",54.653735,21.075435,settlement_approx,гвардейск,#22c55e
2,Приложение 3 / перечень ОС-ОТС,243,"АТС ""Луговое""","Гурьевский р-н, п. Луговое",ОС,OS,п. Луговое,10944505,True,"Из договора 10944505, таблица 2",54.778529,20.612718,settlement_approx,гурьевск,#22c55e
2,Приложение 3 / перечень ОС-ОТС,244,"АТС ""М. Васильково""","Гурьевский р-н, п. М.Васильково, ул. Жукова, д. 19",ОС,OS,п. М,10944505,True,"Из договора 10944505, таблица 2",54.775859,20.621741,settlement_approx,малое васильково,#22c55e
2,Приложение 3 / перечень ОС-ОТС,245,"АТС ""Б. Исаково""","Гурьевский р-н, Б. Исаково, ул. Геологическая,1",ОС,OS,не указано,10944505,True,"Из договора 10944505, таблица 2",54.720812,20.592082,settlement_approx,геологическая,#22c55e
2,Приложение 3 / перечень ОС-ОТС,246,"АТС ""М. Исаково""","Гурьевский р-н, М. Исаков, Пушкинская",ОС,OS,не указано,10944505,True,"Из договора 10944505, таблица 2",54.719518,20.598353,settlement_approx,пушкинская,#22c55e
2,Приложение 3 / перечень ОС-ОТС,247,"АТС ""Орловка""","Гурьевский р-н, п. Орловка",ОС,OS,п. Орловка,10944505,True,"Из договора 10944505, таблица 2",54.764906,20.605165,settlement_approx,гурьевск,#22c55e
2,Приложение 3 / перечень ОС-ОТС,248,"АТС ""Моргуново""","Гурьевский р-н, п. Моргуново, ул. Гурьева, д. 7А",ОС,OS,п. Моргуново,10944505,True,"Из договора 10944505, таблица 2",54.779471,20.869459,settlement_approx,моргуново,#22c55e
2,Приложение 3 / перечень ОС-ОТС,249,"АТС ""Заречье""","Гурьевский р-н, п. Заречье, ул. Центральная, д. 10",ОС,OS,п. Заречье,10944505,True,"Из договора 10944505, таблица 2",54.768012,20.613706,settlement_approx,гурьевск,#22c55e
2,Приложение 3 / перечень ОС-ОТС,250,"АТС ""Высокое""","Гурьевский р-н, п. Высокое, ул. Центральная",ОС,OS,п. Высокое,10944505,True,"Из договора 10944505, таблица 2",54.770482,20.6046,settlement_approx,гурьевск,#22c55e
2,Приложение 3 / перечень ОС-ОТС,251,"АТС ""Маршальское""","Гурьевский р-н, п. Маршальское, ул. Центральная",ОС,OS,п. Маршальское,10944505,True,"Из договора 10944505, таблица 2",54.833635,20.903776,settlement_approx,маршальское,#22c55e
2,Приложение 3 / перечень ОС-ОТС,252,"АТС ""Матросово""","Гурьевский р-н, п. Матросово, ул. Центральная, д. 20",ОС,OS,п. Матросово,10944505,True,"Из договора 10944505, таблица 2",54.7996,20.816294,settlement_approx,матросово,#22c55e
2,Приложение 3 / перечень ОС-ОТС,253,"АТС ""Некрасово""","Гурьевский р-н, п. Некрасово, ул. Центральная",ОС,OS,п. Некрасово,10944505,True,"Из договора 10944505, таблица 2",54.793141,20.812482,settlement_approx,некрасово,#22c55e
2,Приложение 3 / перечень ОС-ОТС,254,"АТС ""Низовье""","Гурьевский р-н, п. Низовье, ул. Калининградская, д. 10",ОС,OS,п. Низовье,10944505,True,"Из договора 10944505, таблица 2",54.705988,20.444753,settlement_approx,калининград,#22c55e
2,Приложение 3 / перечень ОС-ОТС,255,"АТС ""Шоссейное""","Гурьевский р-н, п. Шоссейный, ул. Совхозная",ОС,OS,п. Шоссейный,10944505,True,"Из договора 10944505, таблица 2",54.764553,20.609682,settlement_approx,гурьевск,#22c55e
2,Приложение 3 / перечень ОС-ОТС,256,"АТС ""Петрово""","Гурьевски р-н, п. Петрово",ОС,OS,п. Петрово,10944505,True,"Из договора 10944505, таблица 2",54.778741,20.613353,settlement_approx,гурьевск,#22c55e
2,Приложение 3 / перечень ОС-ОТС,257,"АТС ""Рассвет""","Гурьевский р-н, п. Рассвет",ОС,OS,п. Рассвет,10944505,True,"Из договора 10944505, таблица 2",54.774506,20.599518,settlement_approx,гурьевск,#22c55e
2,Приложение 3 / перечень ОС-ОТС,258,"АТС ""Озерск""","г. Озерск, пл. Победы, д. 1",ОС,OS,г. Озерск,10944505,True,"Из договора 10944505, таблица 2",54.412188,22.012512,settlement_approx,озерск,#22c55e
2,Приложение 3 / перечень ОС-ОТС,259,"АТС  ""Нестеров""","г. Нестеров,  ул. Калинина, д.13",ОС,OS,г. Нестеров,10944505,True,"Из договора 10944505, таблица 2",54.623941,22.570094,settlement_approx,нестеров,#22c55e
2,Приложение 3 / перечень ОС-ОТС,260,"АТС ""Полесск""","г. Полесск, ул. Калининградская, д. 16",ОС,OS,г. Полесск,10944505,True,"Из договора 10944505, таблица 2",54.707894,20.460141,settlement_approx,калининград,#22c55e
2,Приложение 3 / перечень ОС-ОТС,261,"ПС 51/11""Аксакова""","г. Калининград, ул. Аксакова, д. 112",ОС,OS,г. Калининград,10944505,True,"Из договора 10944505, таблица 2",54.710153,20.444471,settlement_approx,калининград,#22c55e
2,Приложение 3 / перечень ОС-ОТС,262,"ПСК "" Типографская""","г. Калининград, ул. Типографская, д. 20",ОС,OS,г. Калининград,10944505,True,"Из договора 10944505, таблица 2",54.710094,20.511576,settlement_approx,типографская,#22c55e
2,Приложение 3 / перечень ОС-ОТС,263,АТС «Черемушки»,"Гурьевский р-н. п. Васильково, ул. Каменная, д. 3А.",ОС,OS,п. Васильково,10944505,True,"Из договора 10944505, таблица 2",54.782059,20.601918,settlement_approx,гурьевск,#22c55e
3,Приложение 3 / перечень СКУД,1,Административное здание,"Багратиона, 111",СКУД,SKUD,не указано,10944505,True,"Из договора 10944505, таблица 3",54.696024,20.502706,settlement_approx,багратиона,#a78bfa
3,Приложение 3 / перечень СКУД,2,АТС г. Светлый,"г. Светлый, ул. Горького, 18.",СКУД,SKUD,г. Светлый,10944505,True,"Из договора 10944505, таблица 3",54.734212,20.507412,settlement_approx,горького,#a78bfa
3,Приложение 3 / перечень СКУД,3,АТС г. Черняховск,"г. Черняховск, ул. Тольятти, 4а.",СКУД,SKUD,г. Черняховск,10944505,True,"Из договора 10944505, таблица 3",54.642088,21.809212,settlement_approx,черняховск,#a78bfa
3,Приложение 3 / перечень СКУД,4,АТС г. Балтийск,"г. Балтийск, ул. Ленина, 61 (вход в служебное помещение)",СКУД,SKUD,г. Балтийск,10944505,True,"Из договора 10944505, таблица 3",54.641371,19.895835,settlement_approx,балтийск,#a78bfa
3,Приложение 3 / перечень СКУД,5,АТС г. Гурьевск,"г. Гурьевск, ул. Ленина, 2 (вход в служебное помещение)",СКУД,SKUD,г. Гурьевск,10944505,True,"Из договора 10944505, таблица 3",54.778459,20.600929,settlement_approx,гурьевск,#a78bfa
3,Приложение 3 / перечень СКУД,6,АТС г. Правдинск,"г. Правдинск, ул. Кутузова, 12 (вход в служебное помещение)",СКУД,SKUD,г. Правдинск,10944505,True,"Из договора 10944505, таблица 3",54.442994,21.019488,settlement_approx,правдинск,#a78bfa
3,Приложение 3 / перечень СКУД,7,АТС г. Советск,"г. Советск, ул. Победы, 12 (вход в служебное помещение)",СКУД,SKUD,г. Советск,10944505,True,"Из договора 10944505, таблица 3",55.089088,21.879312,settlement_approx,советск,#a78bfa
3,Приложение 3 / перечень СКУД,8,АТС г. Светлогорск,"г. Светлогорск, ул. Островского, 3 (вход в служебное помещение)",СКУД,SKUD,г. Светлогорск,10944505,True,"Из договора 10944505, таблица 3",54.938994,20.158082,settlement_approx,светлогорск,#a78bfa
3,Приложение 3 / перечень СКУД,9,АТС г. Гусев,"г. Гусев, ул. Тимирязева, 5 (вход в служебное помещение)",СКУД,SKUD,г. Гусев,10944505,True,"Из договора 10944505, таблица 3",54.597494,22.204882,settlement_approx,гусев,#a78bfa
3,Приложение 3 / перечень СКУД,10,АТС г. Неман,"г. Неман, ул. Победы, 37 (вход в служебное помещение)",СКУД,SKUD,г. Неман,10944505,True,"Из договора 10944505, таблица 3",55.035382,22.024671,settlement_approx,неман,#a78bfa
3,Приложение 3 / перечень СКУД,11,АТС г. Гвардейск,"г. Гвардейск, ул. Победы, 6а (вход в служебное помещение)",СКУД,SKUD,г. Гвардейск,10944505,True,"Из договора 10944505, таблица 3",54.652465,21.062518,settlement_approx,гвардейск,#a78bfa
3,Приложение 3 / перечень СКУД,12,АТС г. Зеленоградск,"г. Зеленоградск, ул.Крылова 3а",СКУД,SKUD,г. Зеленоградск,10944505,True,"Из договора 10944505, таблица 3",54.955024,20.479012,settlement_approx,зеленоградск,#a78bfa
3,Приложение 3 / перечень СКУД,13,АТС г. Полесск,"г. Полесск, Калининградская, 16",СКУД,SKUD,г. Полесск,10944505,True,"Из договора 10944505, таблица 3",54.711988,20.452729,settlement_approx,калининград,#a78bfa
3,Приложение 3 / перечень СКУД,14,АТС г. Нестеров,"г. Нестеров,  ул. Калинина, д.13",СКУД,SKUD,г. Нестеров,10944505,True,"Из договора 10944505, таблица 3",54.632835,22.573271,settlement_approx,нестеров,#a78bfa
3,Приложение 3 / перечень СКУД,15,"Базовая станция ""А""","Зеленоградский р-он, п. Малиновка",СКУД,SKUD,п. Малиновка,10944505,True,"Из договора 10944505, таблица 3",54.954953,20.474635,settlement_approx,зеленоградск,#a78bfa
3,Приложение 3 / перечень СКУД,16,ПС 59/12,ул. Емельянова (пос. Борисово),СКУД,SKUD,пос. Борисово),10944505,True,"Из договора 10944505, таблица 3",54.661388,20.495094,settlement_approx,борисово,#a78bfa
3,Приложение 3 / перечень СКУД,17,ПС 51/11,"ул. Аксакова, д.110",СКУД,SKUD,не указано,10944505,True,"Из договора 10944505, таблица 3",54.738259,20.560741,settlement_approx,аксакова,#a78bfa
3,Приложение 3 / перечень СКУД,18,АТС-584,"ул. Колхозная, д. 14Б (пос. Северная гора)",СКУД,SKUD,пос. Северная гора),10944505,True,"Из договора 10944505, таблица 3",54.758247,20.529188,settlement_approx,северная гора,#a78bfa
3,Приложение 3 / перечень СКУД,19,АТС-583,"ул. Тбилисская, 4 (пос.Суворово).",СКУД,SKUD,пос. Суворово),10944505,True,"Из договора 10944505, таблица 3",54.697141,20.576106,settlement_approx,тбилисская,#a78bfa
3,Приложение 3 / перечень СКУД,20,ОЛТ-531,"пер. Майский, д. 1",СКУД,SKUD,не указано,10944505,True,"Из договора 10944505, таблица 3",54.713918,20.469047,settlement_approx,майский,#a78bfa
3,Приложение 3 / перечень СКУД,21,АТС-597,"ул. Индустриальная, д. 1",СКУД,SKUD,не указано,10944505,True,"Из договора 10944505, таблица 3",54.725953,20.515471,settlement_approx,индустриальная,#a78bfa
3,Приложение 3 / перечень СКУД,22,ПС 95/16,"ул. Озерова, д. 17Б",СКУД,SKUD,не указано,10944505,True,"Из договора 10944505, таблица 3",54.731988,20.497212,settlement_approx,озерова,#a78bfa
3,Приложение 3 / перечень СКУД,23,ПС 51/6,"ул. Павлова, д. 26А",СКУД,SKUD,не указано,10944505,True,"Из договора 10944505, таблица 3",54.684671,20.483565,settlement_approx,павлова,#a78bfa
3,Приложение 3 / перечень СКУД,24,ПС 95/3,"ул. Дунайская, 16, 1",СКУД,SKUD,не указано,10944505,True,"Из договора 10944505, таблица 3",54.688224,20.483412,settlement_approx,дунайская,#a78bfa
3,Приложение 3 / перечень СКУД,25,ПС 95/4,"ул. Горького, 25",СКУД,SKUD,не указано,10944505,True,"Из договора 10944505, таблица 3",54.736753,20.521318,settlement_approx,горького,#a78bfa
3,Приложение 3 / перечень СКУД,26,ПС 69/6,"ул. Киевская, 86",СКУД,SKUD,не указано,10944505,True,"Из договора 10944505, таблица 3",54.673753,20.469541,settlement_approx,киевская,#a78bfa
3,Приложение 3 / перечень СКУД,27,ПС 58/1,"Московский пр., 116",СКУД,SKUD,не указано,10944505,True,"Из договора 10944505, таблица 3",54.711118,20.528329,settlement_approx,московский,#a78bfa
3,Приложение 3 / перечень СКУД,28,ПС 95/2,"ул. Косогорная, 2",СКУД,SKUD,не указано,10944505,True,"Из договора 10944505, таблица 3",54.696024,20.478647,settlement_approx,косогорная,#a78bfa
3,Приложение 3 / перечень СКУД,29,ПС 68/9,"ул. Толстикова, 67",СКУД,SKUD,не указано,10944505,True,"Из договора 10944505, таблица 3",54.697306,20.426282,settlement_approx,толстикова,#a78bfa
3,Приложение 3 / перечень СКУД,30,ПС 69/15,"ул. Типографская, 20",СКУД,SKUD,не указано,10944505,True,"Из договора 10944505, таблица 3",54.722094,20.506,settlement_approx,типографская,#a78bfa
3,Приложение 3 / перечень СКУД,32,ПС 56/10,"Докука, 5 (пос. Чкаловск)",СКУД,SKUD,пос. Чкаловск),10944505,True,"Из договора 10944505, таблица 3",54.772024,20.386318,settlement_approx,чкаловск,#a78bfa
3,Приложение 3 / перечень СКУД,36,ПС 95/15,"ул. Гайдара, 129А",СКУД,SKUD,не указано,10944505,True,"Из договора 10944505, таблица 3",54.733153,20.514553,settlement_approx,гайдара,#a78bfa
3,Приложение 3 / перечень СКУД,33,ЛС-9,"ул. Галактическая, 2",СКУД,SKUD,не указано,10944505,True,"Из договора 10944505, таблица 3",54.740035,20.568824,settlement_approx,галактическая,#a78bfa
3,Приложение 3 / перечень СКУД,34,ЛС-4,"ул.Лужская, 12 (п.Космодемьянского)",СКУД,SKUD,п. Космодемьянского),10944505,True,"Из договора 10944505, таблица 3",54.720071,20.346141,settlement_approx,лужская,#a78bfa
3,Приложение 3 / перечень СКУД,35,АТС п. Малинники,Гурьевский район,СКУД,SKUD,не указано,10944505,True,"Из договора 10944505, таблица 3",54.757718,20.752271,settlement_approx,малинники,#a78bfa
3,Приложение 3 / перечень СКУД,36,АТС п. Луговое,Гурьевский р-н,СКУД,SKUD,не указано,10944505,True,"Из договора 10944505, таблица 3",54.776624,20.607776,settlement_approx,гурьевск,#a78bfa
3,Приложение 3 / перечень СКУД,37,АТС п. Некрасово,Гурьевский район,СКУД,SKUD,не указано,10944505,True,"Из договора 10944505, таблица 3",54.786082,20.814741,settlement_approx,некрасово,#a78bfa
3,Приложение 3 / перечень СКУД,38,АТС п. Матросово,Гурьевский район,СКУД,SKUD,не указано,10944505,True,"Из договора 10944505, таблица 3",54.798471,20.814035,settlement_approx,матросово,#a78bfa
3,Приложение 3 / перечень СКУД,39,АТС п. Моргуново,Гурьевский район,СКУД,SKUD,не указано,10944505,True,"Из договора 10944505, таблица 3",54.774388,20.872071,settlement_approx,моргуново,#a78bfa
3,Приложение 3 / перечень СКУД,40,АТС п. Высокое,Гурьевский район,СКУД,SKUD,не указано,10944505,True,"Из договора 10944505, таблица 3",54.772882,20.599941,settlement_approx,гурьевск,#a78bfa
3,Приложение 3 / перечень СКУД,41,АТС п. Маршальское,Гурьевский район,СКУД,SKUD,не указано,10944505,True,"Из договора 10944505, таблица 3",54.829541,20.893753,settlement_approx,маршальское,#a78bfa
3,Приложение 3 / перечень СКУД,42,АТС п. Малое Исаково,"Пушкинская,",СКУД,SKUD,не указано,10944505,True,"Из договора 10944505, таблица 3",54.728906,20.605341,settlement_approx,малое исаково,#a78bfa
3,Приложение 3 / перечень СКУД,43,АТС п. Большое Исаково,"Геологическая, 1",СКУД,SKUD,не указано,10944505,True,"Из договора 10944505, таблица 3",54.715165,20.594765,settlement_approx,большое исаково,#a78bfa
3,Приложение 3 / перечень СКУД,44,АТС п. Низовье,Гурьевский район,СКУД,SKUD,не указано,10944505,True,"Из договора 10944505, таблица 3",54.780012,20.600224,settlement_approx,гурьевск,#a78bfa
3,Приложение 3 / перечень СКУД,45,АТС п. Заречье,Гурьевский район,СКУД,SKUD,не указано,10944505,True,"Из договора 10944505, таблица 3",54.775918,20.601988,settlement_approx,гурьевск,#a78bfa
3,Приложение 3 / перечень СКУД,46,АТС п. Рассвет,Светловский городской округ,СКУД,SKUD,не указано,10944505,True,"Из договора 10944505, таблица 3",54.765541,20.922847,settlement_approx,рассвет,#a78bfa
3,Приложение 3 / перечень СКУД,47,АТС п. Коврово,Зеленоградский район,СКУД,SKUD,не указано,10944505,True,"Из договора 10944505, таблица 3",54.956365,20.480635,settlement_approx,зеленоградск,#a78bfa
3,Приложение 3 / перечень СКУД,48,АТС п. Заозерье,п. Заозерье,СКУД,SKUD,п. Заозерье,10944505,True,"Из договора 10944505, таблица 3",54.766035,20.681518,settlement_approx,заозерье,#a78bfa
3,Приложение 3 / перечень СКУД,49,АТС п. Родники,"Гурьевский район, п. Родники",СКУД,SKUD,п. Родники,10944505,True,"Из договора 10944505, таблица 3",54.773729,20.604035,settlement_approx,гурьевск,#a78bfa
3,Приложение 3 / перечень СКУД,50,АТС п. Муромское,"Зеленоградский р-н, п. Муромское, ул. Центральная",СКУД,SKUD,п. Муромское,10944505,True,"Из договора 10944505, таблица 3",54.961094,20.483671,settlement_approx,зеленоградск,#a78bfa